{
  "minecraft:nether/create_beacon": {
    "criteria": {
      "beacon": "2017-05-06 20:30:11 +0200"
    },
    "done": true
  },
  "minecraft:recipes/transportation/dark_oak_boat": {
    "criteria": {
      "entered_water": "2017-04-05 20:06:38 +0200",
      "has_the_recipe": "2017-04-05 20:06:38 +0200"
    },
    "done": true
  },
  "minecraft:recipes/transportation/birch_boat": {
    "criteria": {
      "entered_water": "2017-04-05 20:06:38 +0200",
      "has_the_recipe": "2017-04-05 20:06:38 +0200"
    },
    "done": true
  },
  "minecraft:recipes/decorations/chest": {
    "criteria": {
      "has_lots_of_items": "2017-05-10 10:02:53 +0200"
    },
    "done": true
  },
  "minecraft:end/elytra": {
    "criteria": {
      "elytra": "2017-05-06 20:30:00 +0200"
    },
    "done": true
  },
  "minecraft:recipes/transportation/acacia_boat": {
    "criteria": {
      "entered_water": "2017-04-05 20:06:38 +0200",
      "has_the_recipe": "2017-04-05 20:06:38 +0200"
    },
    "done": true
  },
  "minecraft:recipes/redstone/stone_button": {
    "criteria": {
      "has_stone": "2017-04-05 20:08:32 +0200",
      "has_the_recipe": "2017-04-05 20:08:32 +0200"
    },
    "done": true
  },
  "minecraft:recipes/redstone/stone_pressure_plate": {
    "criteria": {
      "has_stone": "2017-04-05 20:08:32 +0200",
      "has_the_recipe": "2017-04-05 20:08:32 +0200"
    },
    "done": true
  },
  "minecraft:husbandry/plant_seed": {
    "criteria": {
      "wheat": "2017-05-10 09:51:59 +0200"
    },
    "done": true
  },
  "minecraft:recipes/transportation/boat": {
    "criteria": {
      "entered_water": "2017-04-05 20:06:38 +0200",
      "has_the_recipe": "2017-04-05 20:06:38 +0200"
    },
    "done": true
  },
  "minecraft:recipes/transportation/jungle_boat": {
    "criteria": {
      "entered_water": "2017-04-05 20:06:38 +0200",
      "has_the_recipe": "2017-04-05 20:06:38 +0200"
    },
    "done": true
  },
  "minecraft:recipes/transportation/spruce_boat": {
    "criteria": {
      "entered_water": "2017-04-05 20:06:38 +0200",
      "has_the_recipe": "2017-04-05 20:06:38 +0200"
    },
    "done": true
  },
  "minecraft:adventure/adventuring_time": {
    "criteria": {
      "plains": "2017-04-17 20:10:37 +0200"
    },
    "done": false
  }
}